<?xml version="1.0" encoding="UTF-8"?>
<rss version="2.0" xmlns:atom="http://www.w3.org/2005/Atom">
  <channel>
    <title>Haufe Group Dev Blog</title>
    <description>Developer Blog of the Haufe Group. 
</description>
    <link>/</link>
    <atom:link href="/feed.xml" rel="self" type="application/rss+xml"/>
    <pubDate>Wed, 25 Oct 2017 12:03:16 -0400</pubDate>
    <lastBuildDate>Wed, 25 Oct 2017 12:03:16 -0400</lastBuildDate>
    <generator>Jekyll v3.1.6</generator>
    
      <item>
        <title>Make some sketches</title>
        <description>&lt;p&gt;Et sed ut quo maiores praesentium consequatur ipsum fuga aliquid corporis vel. exercitationem saepe vel aut consectetur vitae sed. necessitatibus est voluptatem nihil officiis nam debitis et perferendis exercitationem animi qui impedit modi recusandae. sapiente molestiae excepturi maxime. eum sequi nisi et itaque sunt nesciunt nulla vel sit ratione animi&lt;/p&gt;

&lt;p&gt;Deleniti laboriosam soluta animi non corrupti. labore est quasi omnis ducimus. facere pariatur molestiae eum vel dignissimos debitis quam et id&lt;/p&gt;

&lt;p&gt;Esse labore voluptate &lt;a href=&quot;#&quot;&gt;nam dolorum veniam&lt;/a&gt; numquam et reiciendis qui itaque voluptas odit dicta et. est ullam et omnis repellat qui aliquam delectus quod aperiam quam tenetur odit illo voluptatem. optio tenetur occaecati autem vel occaecati voluptas iste sunt libero quo est ex eum. aut molestiae ea est inventore aut quia ab voluptatem hic iste&lt;/p&gt;

&lt;blockquote&gt;
  &lt;p&gt;“Provident nihil sint ducimus quasi dignissimos vero esse quisquam Asperiores beatae facere eos corrupti ut autem natus quis cumque dolor.”&lt;/p&gt;
&lt;/blockquote&gt;

&lt;h4 id=&quot;this-is-a-sub-heading&quot;&gt;This is a sub-heading&lt;/h4&gt;

&lt;p&gt;Aut ea rem repudiandae tempore perferendis. consequuntur doloribus tempora cupiditate commodi similique doloremque porro labore deleniti. magni est minus atque accusantium dicta consequatur praesentium qui quia non. eum possimus placeat facilis aut qui architecto qui et autem voluptas excepturi nemo. consequatur possimus a accusamus sit consequatur aspernatur aut totam. laudantium odit a praesentium laborum magni autem facere quidem aperiam commodi est. dolore debitis doloremque ea impedit&lt;/p&gt;

&lt;ul&gt;
  &lt;li&gt;Tempora commodi quia deserunt porro excepturi&lt;/li&gt;
  &lt;li&gt;Placeat in quae tempore pariatur sit aut qui nemo&lt;/li&gt;
  &lt;li&gt;Rem quod sequi nobis possimus sequi dolorem est ab&lt;/li&gt;
&lt;/ul&gt;

&lt;h5 id=&quot;this-is-a-small-title&quot;&gt;This is a small title&lt;/h5&gt;

&lt;p&gt;Dolorem laudantium possimus esse tenetur voluptates nam. corrupti pariatur commodi est omnis excepturi dignissimos. commodi qui cum tempora ipsa porro quasi quis labore ea cum quod sapiente debitis asperiores. ut qui est ipsa enim numquam odit mollitia. velit earum unde qui animi quod earum repellendus facere aperiam nemo. ipsa praesentium aut quam aperiam qui voluptate&lt;/p&gt;
</description>
        <pubDate>Tue, 14 Apr 2015 06:58:12 -0400</pubDate>
        <link>/logo/development/2015/04/14/make-some-sketches.html</link>
        <guid isPermaLink="true">/logo/development/2015/04/14/make-some-sketches.html</guid>
        
        
        <category>Logo</category>
        
        <category>Development</category>
        
      </item>
    
      <item>
        <title>A cup of coffee for you</title>
        <description>&lt;p&gt;Et sed ut quo maiores praesentium consequatur ipsum fuga aliquid corporis vel. exercitationem saepe vel aut consectetur vitae sed. necessitatibus est voluptatem nihil officiis nam debitis et perferendis exercitationem animi qui impedit modi recusandae. sapiente molestiae excepturi maxime. eum sequi nisi et itaque sunt nesciunt nulla vel sit ratione animi&lt;/p&gt;

&lt;p&gt;Deleniti laboriosam soluta animi non corrupti. labore est quasi omnis ducimus. facere pariatur molestiae eum vel dignissimos debitis quam et id&lt;/p&gt;

&lt;p&gt;Esse labore voluptate &lt;a href=&quot;#&quot;&gt;nam dolorum veniam&lt;/a&gt; numquam et reiciendis qui itaque voluptas odit dicta et. est ullam et omnis repellat qui aliquam delectus quod aperiam quam tenetur odit illo voluptatem. optio tenetur occaecati autem vel occaecati voluptas iste sunt libero quo est ex eum. aut molestiae ea est inventore aut quia ab voluptatem hic iste&lt;/p&gt;

&lt;blockquote&gt;
  &lt;p&gt;“Provident nihil sint ducimus quasi dignissimos vero esse quisquam Asperiores beatae facere eos corrupti ut autem natus quis cumque dolor.”&lt;/p&gt;
&lt;/blockquote&gt;

&lt;h4 id=&quot;this-is-a-sub-heading&quot;&gt;This is a sub-heading&lt;/h4&gt;

&lt;p&gt;Aut ea rem repudiandae tempore perferendis. consequuntur doloribus tempora cupiditate commodi similique doloremque porro labore deleniti. magni est minus atque accusantium dicta consequatur praesentium qui quia non. eum possimus placeat facilis aut qui architecto qui et autem voluptas excepturi nemo. consequatur possimus a accusamus sit consequatur aspernatur aut totam. laudantium odit a praesentium laborum magni autem facere quidem aperiam commodi est. dolore debitis doloremque ea impedit&lt;/p&gt;

&lt;ul&gt;
  &lt;li&gt;Tempora commodi quia deserunt porro excepturi&lt;/li&gt;
  &lt;li&gt;Placeat in quae tempore pariatur sit aut qui nemo&lt;/li&gt;
  &lt;li&gt;Rem quod sequi nobis possimus sequi dolorem est ab&lt;/li&gt;
&lt;/ul&gt;

&lt;h5 id=&quot;this-is-a-small-title&quot;&gt;This is a small title&lt;/h5&gt;

&lt;p&gt;Dolorem laudantium possimus esse tenetur voluptates nam. corrupti pariatur commodi est omnis excepturi dignissimos. commodi qui cum tempora ipsa porro quasi quis labore ea cum quod sapiente debitis asperiores. ut qui est ipsa enim numquam odit mollitia. velit earum unde qui animi quod earum repellendus facere aperiam nemo. ipsa praesentium aut quam aperiam qui voluptate&lt;/p&gt;
</description>
        <pubDate>Tue, 14 Apr 2015 06:57:12 -0400</pubDate>
        <link>/design/bussiness/2015/04/14/a-cup-of-coffee-for-you.html</link>
        <guid isPermaLink="true">/design/bussiness/2015/04/14/a-cup-of-coffee-for-you.html</guid>
        
        
        <category>Design</category>
        
        <category>Bussiness</category>
        
      </item>
    
      <item>
        <title>Look what we have done</title>
        <description>&lt;p&gt;Et sed ut quo maiores praesentium consequatur ipsum fuga aliquid corporis vel. exercitationem saepe vel aut consectetur vitae sed. necessitatibus est voluptatem nihil officiis nam debitis et perferendis exercitationem animi qui impedit modi recusandae. sapiente molestiae excepturi maxime. eum sequi nisi et itaque sunt nesciunt nulla vel sit ratione animi&lt;/p&gt;

&lt;p&gt;Deleniti laboriosam soluta animi non corrupti. labore est quasi omnis ducimus. facere pariatur molestiae eum vel dignissimos debitis quam et id&lt;/p&gt;

&lt;p&gt;Esse labore voluptate &lt;a href=&quot;#&quot;&gt;nam dolorum veniam&lt;/a&gt; numquam et reiciendis qui itaque voluptas odit dicta et. est ullam et omnis repellat qui aliquam delectus quod aperiam quam tenetur odit illo voluptatem. optio tenetur occaecati autem vel occaecati voluptas iste sunt libero quo est ex eum. aut molestiae ea est inventore aut quia ab voluptatem hic iste&lt;/p&gt;

&lt;blockquote&gt;
  &lt;p&gt;“Provident nihil sint ducimus quasi dignissimos vero esse quisquam Asperiores beatae facere eos corrupti ut autem natus quis cumque dolor.”&lt;/p&gt;
&lt;/blockquote&gt;

&lt;h4 id=&quot;this-is-a-sub-heading&quot;&gt;This is a sub-heading&lt;/h4&gt;

&lt;p&gt;Aut ea rem repudiandae tempore perferendis. consequuntur doloribus tempora cupiditate commodi similique doloremque porro labore deleniti. magni est minus atque accusantium dicta consequatur praesentium qui quia non. eum possimus placeat facilis aut qui architecto qui et autem voluptas excepturi nemo. consequatur possimus a accusamus sit consequatur aspernatur aut totam. laudantium odit a praesentium laborum magni autem facere quidem aperiam commodi est. dolore debitis doloremque ea impedit&lt;/p&gt;

&lt;ul&gt;
  &lt;li&gt;Tempora commodi quia deserunt porro excepturi&lt;/li&gt;
  &lt;li&gt;Placeat in quae tempore pariatur sit aut qui nemo&lt;/li&gt;
  &lt;li&gt;Rem quod sequi nobis possimus sequi dolorem est ab&lt;/li&gt;
&lt;/ul&gt;

&lt;h5 id=&quot;this-is-a-small-title&quot;&gt;This is a small title&lt;/h5&gt;

&lt;p&gt;Dolorem laudantium possimus esse tenetur voluptates nam. corrupti pariatur commodi est omnis excepturi dignissimos. commodi qui cum tempora ipsa porro quasi quis labore ea cum quod sapiente debitis asperiores. ut qui est ipsa enim numquam odit mollitia. velit earum unde qui animi quod earum repellendus facere aperiam nemo. ipsa praesentium aut quam aperiam qui voluptate&lt;/p&gt;
</description>
        <pubDate>Tue, 14 Apr 2015 06:52:12 -0400</pubDate>
        <link>/design/development/2015/04/14/look-what-we-have-done.html</link>
        <guid isPermaLink="true">/design/development/2015/04/14/look-what-we-have-done.html</guid>
        
        
        <category>Design</category>
        
        <category>Development</category>
        
      </item>
    
      <item>
        <title>Welcome to Jekyll!</title>
        <description>&lt;p&gt;You’ll find this post in your &lt;code class=&quot;highlighter-rouge&quot;&gt;_posts&lt;/code&gt; directory. Go ahead and edit it and re-build the site to see your changes. You can rebuild the site in many different ways, but the most common way is to run &lt;code class=&quot;highlighter-rouge&quot;&gt;jekyll serve&lt;/code&gt;, which launches a web server and auto-regenerates your site when a file is updated.&lt;/p&gt;

&lt;p&gt;To add new posts, simply add a file in the &lt;code class=&quot;highlighter-rouge&quot;&gt;_posts&lt;/code&gt; directory that follows the convention &lt;code class=&quot;highlighter-rouge&quot;&gt;YYYY-MM-DD-name-of-post.ext&lt;/code&gt; and includes the necessary front matter. Take a look at the source for this post to get an idea about how it works.&lt;/p&gt;

&lt;p&gt;Jekyll also offers powerful support for code snippets:&lt;/p&gt;

&lt;figure class=&quot;highlight&quot;&gt;&lt;pre&gt;&lt;code class=&quot;language-ruby&quot; data-lang=&quot;ruby&quot;&gt;&lt;span class=&quot;k&quot;&gt;def&lt;/span&gt; &lt;span class=&quot;nf&quot;&gt;print_hi&lt;/span&gt;&lt;span class=&quot;p&quot;&gt;(&lt;/span&gt;&lt;span class=&quot;nb&quot;&gt;name&lt;/span&gt;&lt;span class=&quot;p&quot;&gt;)&lt;/span&gt;
  &lt;span class=&quot;nb&quot;&gt;puts&lt;/span&gt; &lt;span class=&quot;s2&quot;&gt;&quot;Hi, &lt;/span&gt;&lt;span class=&quot;si&quot;&gt;#{&lt;/span&gt;&lt;span class=&quot;nb&quot;&gt;name&lt;/span&gt;&lt;span class=&quot;si&quot;&gt;}&lt;/span&gt;&lt;span class=&quot;s2&quot;&gt;&quot;&lt;/span&gt;
&lt;span class=&quot;k&quot;&gt;end&lt;/span&gt;
&lt;span class=&quot;n&quot;&gt;print_hi&lt;/span&gt;&lt;span class=&quot;p&quot;&gt;(&lt;/span&gt;&lt;span class=&quot;s1&quot;&gt;&#39;Tom&#39;&lt;/span&gt;&lt;span class=&quot;p&quot;&gt;)&lt;/span&gt;
&lt;span class=&quot;c1&quot;&gt;#=&amp;gt; prints &#39;Hi, Tom&#39; to STDOUT.&lt;/span&gt;&lt;/code&gt;&lt;/pre&gt;&lt;/figure&gt;

&lt;p&gt;&lt;br /&gt;&lt;/p&gt;

&lt;p&gt;Check out the &lt;a href=&quot;http://jekyllrb.com&quot;&gt;Jekyll docs&lt;/a&gt; for more info on how to get the most out of Jekyll. File all bugs/feature requests at &lt;a href=&quot;https://github.com/jekyll/jekyll&quot;&gt;Jekyll’s GitHub repo&lt;/a&gt;. If you have questions, you can ask them on &lt;a href=&quot;https://github.com/jekyll/jekyll-help&quot;&gt;Jekyll’s dedicated Help repository&lt;/a&gt;.&lt;/p&gt;

</description>
        <pubDate>Tue, 10 Feb 2015 03:19:12 -0500</pubDate>
        <link>/jekyll/update/2015/02/10/welcome-to-jekyll.html</link>
        <guid isPermaLink="true">/jekyll/update/2015/02/10/welcome-to-jekyll.html</guid>
        
        
        <category>jekyll</category>
        
        <category>update</category>
        
      </item>
    
  </channel>
</rss>
